project1,IW,LK,LM,MJ
project2,GV,JH,KV,SY
project3,AO,AR,JY,LB
project4,CI,HF,LI,LV
project5,BJ,DA,FN,NQ
project6,EU,LA,OM,QY
project7,FO,LG,PT,RH
project8,AE,CU,GD,QD
project9,AK,KO,KS,OQ
project10,GE,JK,LW,NT
project11,CC,EE,PJ,SX
project12,KR,nan,OI,TC
project13,EV,FD,PS,RN
project14,BS,DT,JF,LD
project15,AQ,CX,JU,KF
project16,JI,NF,RQ,TD
project17,BB,KZ,LH,OV
project18,EO,MW,PI,QM
project19,GM,KI,LT,RG
project20,CA,FS,GC,KX
project21,CK,GK,NV,RB
project22,DQ,FA,FY,JR
project23,EY,LP,MH,ML
project24,HE,KY,MS,SM
project25,AJ,GG,JC,QW
project26,AV,EB,PO,RA
project27,BF,BM,HU,MM
project28,BW,IO,KN,SH
project29,DL,IN,OR,SK
project30,EF,FQ,FT,RP
project31,CB,EI,FL,SQ
project32,BQ,CE,HW,LX
project33,BT,EW,FM,GR
project34,KA,MX,OB,ST
project35,II,LQ,MY,SP
project36,BP,JB,ME,OA
project37,BY,EK,PG,QJ
project38,HQ,LY,NN,QU
project39,FI,LC,NO,QT
project40,CR,DB,LF,MG
project41,EJ,NK,NP,OW
project42,AG,EC,JD,OD
project43,EP,IM,PL,RR
project44,ND,OY,PA,QX
project45,AA,LR,LZ,MP
project46,GB,JQ,MR,NR
project47,CV,IS,QH,SG
project48,HY,LN,MB,SL
project49,AD,HJ,KP,RI
project50,BO,CG,HX,JE
project51,HO,PC,RY,SI
project52,GN,IV,JM,OX
project53,FC,PN,PX,RD
project54,IF,KB,PH,SU
project55,KJ,KK,OT,PV
project56,AP,IE,NL,SJ
project57,KG,RS,SN,TA
project58,CS,HS,JT,QA
project59,CW,DS,HN,RZ
project60,AU,KW,MC,PK
project61,FF,IR,KL,QS
project62,GA,IP,KQ,OP
project63,FG,HZ,NJ,RK
project64,ID,ON,OU,QC
project65,GX,HI,JV,QZ
project66,DC,GH,IL,RF
project67,CJ,EN,LE,OL
project68,DJ,JA,NH,QL
project69,AS,ET,HA,IG
project70,FK,MQ,OF,PU
project71,CQ,EM,MD,SW
project72,AC,FZ,PM,RX
project73,BU,DD,SC,SS
project74,AI,BH,PD,RT
project75,BI,IU,LU,OE
project76,BN,GT,MU,OG
project77,GJ,HH,NM,OZ
project78,CH,DW,HC,PW
project79,DV,GY,MO,NZ
project80,AM,NG,RW,SO
project81,EH,PR,PY,SB
project82,FB,HD,HG,NX
project83,DG,DO,GU,OC
project84,CL,KH,NE,TE
project85,HK,HT,NS,SR
project86,AH,HL,NY,RL
project87,ES,NB,QE,RV
project88,ED,FU,GQ,MK
project89,BA,CM,DF,IX
project90,CY,DI,KD,RE
project91,AL,EG,HV,RJ
project92,AW,BR,JP,SF
project93,BK,BV,HP,IA
project94,CZ,ER,QB,SV
project95,BG,GW,KC,QO
project96,JX,OS,QK,RC
project97,CT,IB,IZ,SD
project98,AX,DZ,NC,NU
project99,BE,GP,OO,RU
project100,CN,GL,JZ,RM
project101,CD,EQ,PE,SE
project102,AZ,FX,JS,PP
project103,AF,DM,IK,RO
project104,EZ,IJ,JJ,MV
project105,BX,JL,KE,MF
project106,HR,LL,QN,SA
project107,AN,CO,QF,TB
project108,AY,DH,HB,IQ
project109,CF,FJ,JO,LJ
project110,DE,DN,DY,QQ
project111,DK,GS,GZ,JG
project112,FR,FV,GI,OH
project113,BC,FP,MN,MZ
project114,AB,LS,MA,PF
project115,CP,GO,KT,MT
project116,EL,JN,QP,SZ
project117,EA,KU,PQ,QR
project118,AT,BZ,FH,IT
project119,BL,OJ,OK,PB
project120,DP,FW,KM,NI
project121,GF,IC,LO,QI
project122,DU,JW,MI,PZ
project123,BD,HM,IY,QG
project124,DR,FE,IH,NW
project125,DX,EX,QV
